Date,Open,High,Low,Close,Adj Close,Volume
17/05/2019,25.02,25.96,18.81,20.38,20.38,38937500
20/05/2019,21.02,21.02,18.40,18.61,18.61,8186600
21/05/2019,18.59,18.74,17.33,17.33,17.33,8572300
22/05/2019,17.00,17.33,14.70,14.75,14.75,19697300
23/05/2019,14.47,15.95,13.71,15.79,15.79,9626500
24/05/2019,15.44,15.70,14.77,15.32,15.32,4829800
28/05/2019,15.38,16.32,15.28,16.11,16.11,4576400
29/05/2019,16.00,17.78,15.99,17.25,17.25,7583500
30/05/2019,17.61,18.75,17.44,18.50,18.50,8872800
31/05/2019,18.40,20.39,17.75,20.10,20.10,7524000
03/06/2019,21.50,22.30,20.10,20.63,20.63,10498900
04/06/2019,21.00,21.07,19.06,19.79,19.79,5814000
05/06/2019,19.93,20.16,17.81,18.65,18.65,5083600
06/06/2019,18.02,18.19,17.13,17.68,17.68,3971500
07/06/2019,18.00,19.03,17.81,18.99,18.99,4788700
10/06/2019,19.20,19.29,18.32,18.45,18.45,3572700
11/06/2019,18.75,18.76,17.25,17.60,17.60,4116100
12/06/2019,17.93,18.65,17.60,18.19,18.19,3328500
13/06/2019,18.53,18.84,17.67,17.96,17.96,2320200
14/06/2019,17.96,19.45,17.80,19.23,19.23,3669600
17/06/2019,19.68,21.29,19.64,21.17,21.17,7960700
18/06/2019,21.76,21.80,20.30,20.70,20.70,4553700
19/06/2019,21.08,21.08,19.60,19.94,19.94,3524700
20/06/2019,20.08,20.78,19.73,19.79,19.79,3656500
21/06/2019,19.88,19.88,19.00,19.13,19.13,3261500
24/06/2019,19.16,19.44,18.00,18.19,18.19,4054100
25/06/2019,18.06,18.79,17.91,18.05,18.05,2780500
26/06/2019,18.15,18.39,17.80,18.05,18.05,2117900
27/06/2019,18.07,18.63,18.07,18.40,18.40,2158400
28/06/2019,18.50,19.95,18.45,19.49,19.49,5223500
01/07/2019,20.00,20.14,18.91,19.14,19.14,3546400
02/07/2019,19.09,19.18,18.64,18.78,18.78,1369800
03/07/2019,18.73,19.42,18.73,19.33,19.33,993000
05/07/2019,19.45,19.62,19.04,19.59,19.59,1429500
08/07/2019,19.40,19.59,19.02,19.13,19.13,1430900
09/07/2019,19.37,19.39,18.85,18.93,18.93,1386000
10/07/2019,18.96,19.18,18.85,18.94,18.94,892600
11/07/2019,19.08,19.71,19.00,19.49,19.49,2260800
12/07/2019,19.69,20.20,19.21,19.41,19.41,3041500
15/07/2019,19.52,21.00,19.33,20.99,20.99,4509900
16/07/2019,20.70,21.19,20.00,20.12,20.12,3682100
17/07/2019,20.30,20.48,19.50,19.51,19.51,1777600
18/07/2019,19.55,20.15,19.52,19.95,19.95,1378200
19/07/2019,20.22,20.44,19.86,20.05,20.05,1503900
22/07/2019,20.50,21.75,20.07,21.62,21.62,5613300
23/07/2019,21.50,23.48,21.19,23.40,23.40,9406200
24/07/2019,23.00,23.32,22.57,23.12,23.12,3173400
25/07/2019,23.20,24.44,22.58,23.00,23.00,5858900
26/07/2019,23.81,25.12,23.25,24.92,24.92,5002600
29/07/2019,25.30,27.12,25.01,26.58,26.58,8802700
30/07/2019,26.96,26.97,24.36,24.47,24.47,8706200
31/07/2019,24.83,25.30,22.60,24.29,24.29,5462900
01/08/2019,24.59,26.33,23.05,23.67,23.67,7897600
02/08/2019,23.57,25.09,23.52,24.91,24.91,4514900
05/08/2019,23.97,24.39,22.73,22.75,22.75,4620900
06/08/2019,23.61,23.75,22.46,22.91,22.91,3063000
07/08/2019,22.75,23.21,21.80,23.11,23.11,3325900
08/08/2019,23.75,24.73,23.44,24.11,24.11,3339400
09/08/2019,24.00,26.38,23.91,25.94,25.94,4394700
12/08/2019,25.75,26.15,24.02,24.59,24.59,4796400
13/08/2019,25.05,25.39,23.80,24.55,24.55,4798800
14/08/2019,22.11,22.38,20.29,20.44,20.44,13929700
15/08/2019,21.40,21.63,20.31,20.68,20.68,4769600
16/08/2019,21.09,21.24,19.55,19.56,19.56,5170100
19/08/2019,19.99,20.45,18.25,18.88,18.88,6509000
20/08/2019,18.79,19.12,18.31,18.80,18.80,3505700
21/08/2019,19.15,19.88,18.85,19.51,19.51,3869000
22/08/2019,19.75,19.84,18.80,19.20,19.20,2677700
23/08/2019,18.65,19.13,18.59,18.79,18.79,2303200
26/08/2019,19.00,19.09,18.70,18.95,18.95,2146900
27/08/2019,18.96,20.38,18.82,19.48,19.48,4944900
28/08/2019,19.82,21.19,19.45,21.03,21.03,3671500
29/08/2019,21.00,21.50,20.60,20.94,20.94,3555800
30/08/2019,21.00,21.28,20.14,21.10,21.10,2333500
03/09/2019,20.84,21.09,19.67,19.96,19.96,2931800
04/09/2019,20.30,20.45,19.40,19.56,19.56,2528600
05/09/2019,19.90,20.26,19.05,20.19,20.19,3861200
06/09/2019,20.25,20.94,20.13,20.59,20.59,2808000
09/09/2019,20.54,21.70,20.54,21.56,21.56,4135900
10/09/2019,21.70,22.00,20.71,20.81,20.81,2556200
11/09/2019,21.19,21.53,20.30,20.53,20.53,2417500
12/09/2019,20.60,21.66,19.95,21.03,21.03,2459600
13/09/2019,21.13,22.00,21.13,22.00,22.00,3396000
16/09/2019,21.78,22.67,21.59,22.52,22.52,2899700
17/09/2019,22.23,22.94,21.63,22.80,22.80,2342000
18/09/2019,22.51,22.68,21.02,21.28,21.28,3932300
19/09/2019,21.56,22.10,21.25,21.55,21.55,2681800
20/09/2019,21.74,22.00,20.85,21.45,21.45,1730200
23/09/2019,21.28,21.69,21.19,21.51,21.51,1279000
24/09/2019,21.50,21.63,20.03,20.22,20.22,2940900
25/09/2019,20.00,20.49,19.54,20.37,20.37,1831600
26/09/2019,20.51,20.59,19.92,20.16,20.16,1350000
27/09/2019,20.20,20.23,18.45,19.01,19.01,7709400
30/09/2019,19.30,19.33,18.63,19.00,19.00,3428400
01/10/2019,19.08,19.21,18.50,18.77,18.77,2266200
02/10/2019,18.83,18.83,17.84,18.21,18.21,3106800
03/10/2019,18.15,19.08,17.99,18.91,18.91,2890300
04/10/2019,19.02,19.40,18.80,19.28,19.28,1840700
07/10/2019,19.32,19.47,19.05,19.37,19.37,1112300
08/10/2019,19.06,19.15,18.40,18.54,18.54,2142500
09/10/2019,18.82,18.92,18.40,18.85,18.85,685800
10/10/2019,18.56,18.84,18.26,18.46,18.46,1125000
11/10/2019,18.85,19.27,18.68,18.93,18.93,2222600
14/10/2019,18.81,19.29,18.81,19.17,19.17,1314700
15/10/2019,19.48,19.70,19.26,19.60,19.60,2076400
16/10/2019,19.50,19.67,19.10,19.50,19.50,1590300
17/10/2019,19.60,20.09,19.51,19.66,19.66,2371400
18/10/2019,19.75,20.16,19.02,19.08,19.08,2253700
21/10/2019,19.36,20.13,19.33,20.02,20.02,2772900
22/10/2019,20.07,21.41,20.05,21.18,21.18,4118400
23/10/2019,21.14,21.49,20.83,21.10,21.10,2452800
24/10/2019,21.17,21.86,21.09,21.47,21.47,2475400
25/10/2019,21.35,21.45,20.80,20.87,20.87,2226500
28/10/2019,21.00,21.00,20.11,20.33,20.33,2042400
29/10/2019,20.12,20.16,19.52,19.63,19.63,2298400
30/10/2019,19.63,20.24,19.63,20.01,20.01,2272200
31/10/2019,20.00,20.10,19.55,19.58,19.58,1742900
01/11/2019,20.01,20.08,19.15,19.23,19.23,2009500
04/11/2019,19.38,19.80,19.10,19.22,19.22,2131200
05/11/2019,19.32,19.53,19.05,19.09,19.09,1173100
06/11/2019,19.28,19.52,18.68,18.77,18.77,2529400
07/11/2019,19.20,19.23,18.53,18.73,18.73,2054400
08/11/2019,18.75,18.89,18.48,18.56,18.56,2374600
11/11/2019,18.32,19.10,18.30,18.76,18.76,3583300
12/11/2019,18.97,19.35,18.93,18.98,18.98,4104900
13/11/2019,21.90,21.90,20.85,21.46,21.46,16787600
14/11/2019,21.29,21.73,20.76,21.54,21.54,5991200
15/11/2019,22.00,27.31,21.95,27.02,27.02,24354100
18/11/2019,25.50,30.33,25.00,28.16,28.16,25106800
19/11/2019,27.55,28.84,26.60,27.26,27.26,11092000
20/11/2019,26.61,27.76,25.61,26.30,26.30,11222700
21/11/2019,27.13,28.72,26.66,27.95,27.95,14453600
22/11/2019,29.10,30.63,28.75,29.85,29.85,16274700
25/11/2019,30.55,32.56,30.50,32.00,32.00,12416100
26/11/2019,32.80,33.48,30.56,32.10,32.10,10627000
27/11/2019,32.10,32.50,31.13,31.47,31.47,7226400
29/11/2019,31.00,31.01,29.57,30.15,30.15,4195900
02/12/2019,30.00,30.85,29.06,30.24,30.24,6380700
03/12/2019,29.59,32.01,29.30,31.96,31.96,7049200
04/12/2019,32.55,32.64,29.56,29.84,29.84,8666900
05/12/2019,30.03,30.35,28.32,28.90,28.90,8522400
06/12/2019,29.25,30.29,29.01,29.69,29.69,4667900
09/12/2019,29.65,30.73,29.51,30.36,30.36,4244400
10/12/2019,30.75,31.62,30.11,31.12,31.12,5090900
11/12/2019,31.25,31.46,28.75,29.10,29.10,8975000
12/12/2019,29.31,31.93,29.26,31.77,31.77,9124400
13/12/2019,31.27,31.70,30.07,30.81,30.81,7505300
16/12/2019,31.37,33.58,30.50,31.09,31.09,13732700
17/12/2019,31.49,31.68,30.28,31.14,31.14,8483400
18/12/2019,31.20,31.97,30.11,31.54,31.54,8963100
19/12/2019,31.56,33.35,31.54,32.27,32.27,10438100
20/12/2019,32.88,33.14,31.57,32.19,32.19,7586000
23/12/2019,32.30,36.09,31.92,35.50,35.50,14252100
24/12/2019,35.80,36.30,34.25,34.42,34.42,7005700
26/12/2019,34.89,35.61,34.01,35.32,35.32,7564700
27/12/2019,35.40,37.76,35.08,36.44,36.44,12731200
30/12/2019,36.42,38.68,35.69,37.78,37.78,12829400
31/12/2019,37.50,40.30,37.45,39.36,39.36,13036200
02/01/2020,40.00,40.07,36.60,38.08,38.08,16796800
03/01/2020,37.00,37.88,36.52,36.72,36.72,7928200
06/01/2020,36.01,36.05,33.20,34.43,34.43,17500700
07/01/2020,34.48,35.58,33.83,35.11,35.11,10932100
08/01/2020,34.00,39.82,33.87,39.46,39.46,21986600
09/01/2020,39.15,45.37,39.10,44.37,44.37,30182200
10/01/2020,42.89,45.73,41.61,43.32,43.32,29505600
13/01/2020,44.17,47.66,44.10,45.90,45.90,17183800
14/01/2020,47.53,48.65,45.31,45.80,45.80,17096500
15/01/2020,46.03,47.18,44.73,45.13,45.13,10669600
16/01/2020,47.22,48.88,46.25,48.53,48.53,15167200
17/01/2020,49.15,51.38,49.06,50.02,50.02,17419400
21/01/2020,47.79,48.95,46.68,47.66,47.66,15336000
22/01/2020,48.73,49.59,43.58,43.75,43.75,18939200
23/01/2020,41.98,45.64,41.54,44.67,44.67,20546800
24/01/2020,43.91,44.00,39.80,40.83,40.83,25417200
27/01/2020,36.52,39.37,36.34,37.12,37.12,28208900
28/01/2020,38.70,40.24,38.00,39.61,39.61,20029500
29/01/2020,40.10,40.19,37.31,37.87,37.87,15989700
30/01/2020,36.55,36.65,34.86,36.40,36.40,26308300
31/01/2020,36.10,36.17,26.75,32.49,32.49,85101100
03/02/2020,32.60,35.06,30.65,31.35,31.35,29000100
04/02/2020,34.38,36.99,33.00,36.24,36.24,30163400
05/02/2020,39.05,39.50,33.89,36.31,36.31,31211800
06/02/2020,36.63,36.89,34.80,35.30,35.30,17546000
07/02/2020,34.35,35.42,33.66,35.00,35.00,11366500
10/02/2020,34.22,37.11,33.80,36.87,36.87,13610700
11/02/2020,37.93,39.19,37.42,38.15,38.15,18201800
12/02/2020,38.54,39.18,36.36,38.75,38.75,15752500
13/02/2020,37.93,39.10,37.16,37.95,37.95,16532400
14/02/2020,38.00,38.82,37.51,38.02,38.02,7406900
18/02/2020,37.69,40.65,37.50,40.34,40.34,14382200
19/02/2020,41.50,43.18,39.65,42.35,42.35,18128400
20/02/2020,42.73,43.18,39.12,41.04,41.04,12939800
21/02/2020,40.58,40.73,39.23,40.05,40.05,7451200
24/02/2020,36.35,38.87,36.01,37.00,37.00,10644600
25/02/2020,38.21,39.00,36.91,38.33,38.33,10438200
26/02/2020,38.40,40.77,38.30,39.32,39.32,9503100
27/02/2020,37.91,39.88,33.92,38.81,38.81,15919900
28/02/2020,36.87,39.93,36.00,39.56,39.56,19398900
02/03/2020,40.55,40.75,37.00,39.01,39.01,10614000
03/03/2020,38.81,39.79,37.53,38.26,38.26,8466900
04/03/2020,38.60,41.33,38.57,40.73,40.73,10816800
05/03/2020,40.00,42.77,39.67,41.14,41.14,12386800
06/03/2020,40.63,40.68,36.82,37.94,37.94,14718700
09/03/2020,34.05,37.70,34.01,35.98,35.98,8125200
10/03/2020,37.31,37.90,35.90,37.32,37.32,7812900
11/03/2020,36.52,36.88,33.71,34.40,34.40,7363100
12/03/2020,31.15,33.40,30.10,31.58,31.58,11239100
13/03/2020,34.11,34.20,31.02,32.91,32.91,8595100
16/03/2020,29.95,31.98,28.26,30.26,30.26,6090100
17/03/2020,31.26,32.99,29.70,31.78,31.78,6739700
18/03/2020,29.50,31.00,26.88,27.55,27.55,9714900
19/03/2020,28.10,28.18,23.91,25.79,25.79,16522300
20/03/2020,27.09,27.50,24.88,25.13,25.13,12373500
23/03/2020,24.65,25.20,22.03,23.84,23.84,12441500
24/03/2020,26.58,28.30,26.03,27.45,27.45,9915000
25/03/2020,29.09,31.18,26.82,28.00,28.00,16326800
26/03/2020,29.08,29.65,27.63,27.88,27.88,10281500
27/03/2020,26.82,26.83,25.45,25.63,25.63,10631500
30/03/2020,26.50,26.80,25.02,25.60,25.60,8509800
31/03/2020,26.36,29.53,26.01,27.19,27.19,14511400
01/04/2020,26.14,26.60,25.02,26.20,26.20,8356200
02/04/2020,4.91,10.58,4.90,6.40,6.40,264323500
03/04/2020,7.05,7.35,5.28,5.38,5.38,95300000
06/04/2020,5.53,5.62,4.27,4.39,4.39,87827900
07/04/2020,4.39,4.39,4.39,4.39,4.39,1758600
08/04/2020,4.39,4.39,4.39,4.39,4.39,2000
09/04/2020,4.39,4.39,4.39,4.39,4.39,0
13/04/2020,4.39,4.39,4.39,4.39,4.39,0
14/04/2020,4.39,4.39,4.39,4.39,4.39,0
15/04/2020,4.39,4.39,4.39,4.39,4.39,0
16/04/2020,4.39,4.39,4.39,4.39,4.39,0
17/04/2020,4.39,4.39,4.39,4.39,4.39,0
20/04/2020,4.39,4.39,4.39,4.39,4.39,0
21/04/2020,4.39,4.39,4.39,4.39,4.39,0
22/04/2020,4.39,4.39,4.39,4.39,4.39,0
23/04/2020,4.39,4.39,4.39,4.39,4.39,0
24/04/2020,4.39,4.39,4.39,4.39,4.39,0
27/04/2020,4.39,4.39,4.39,4.39,4.39,0
28/04/2020,4.39,4.39,4.39,4.39,4.39,0
29/04/2020,4.39,4.39,4.39,4.39,4.39,0
30/04/2020,4.39,4.39,4.39,4.39,4.39,0
01/05/2020,4.39,4.39,4.39,4.39,4.39,0
04/05/2020,4.39,4.39,4.39,4.39,4.39,0
05/05/2020,4.39,4.39,4.39,4.39,4.39,0
06/05/2020,4.39,4.39,4.39,4.39,4.39,1700
07/05/2020,4.39,4.39,4.39,4.39,4.39,0
08/05/2020,4.39,4.39,4.39,4.39,4.39,0
11/05/2020,4.39,4.39,4.39,4.39,4.39,0
12/05/2020,4.39,4.39,4.39,4.39,4.39,0
13/05/2020,4.39,4.39,4.39,4.39,4.39,0
14/05/2020,4.39,4.39,4.39,4.39,4.39,0
15/05/2020,4.39,4.39,4.39,4.39,4.39,0
18/05/2020,4.39,4.39,4.39,4.39,4.39,0
19/05/2020,4.39,4.39,4.39,4.39,4.39,0
20/05/2020,2.52,3.49,2.40,2.82,2.82,153110100
21/05/2020,2.51,2.55,1.91,2.01,2.01,80986100
22/05/2020,1.73,1.85,1.33,1.39,1.39,95601200
26/05/2020,1.72,2.39,1.63,2.13,2.13,210747600
27/05/2020,2.76,3.00,2.37,2.59,2.59,165748500
28/05/2020,2.44,2.45,2.00,2.06,2.06,70478000
29/05/2020,2.20,2.26,2.03,2.16,2.16,42454100
01/06/2020,2.16,2.16,2.02,2.04,2.04,25964300
02/06/2020,2.08,2.45,2.03,2.33,2.33,54986900
03/06/2020,2.39,2.68,2.37,2.58,2.58,52113000
04/06/2020,2.70,4.94,2.69,4.05,4.05,293601300
05/06/2020,6.20,6.79,4.81,5.51,5.51,232054100
08/06/2020,5.22,5.25,3.70,4.81,4.81,120516500
09/06/2020,4.28,4.74,4.08,4.29,4.29,47308500
10/06/2020,4.47,4.65,3.75,3.94,3.94,45135800
11/06/2020,3.44,3.74,3.25,3.36,3.36,34269400
12/06/2020,3.82,4.10,3.52,3.89,3.89,30745400
15/06/2020,3.65,4.39,3.53,3.99,3.99,40221300
16/06/2020,4.34,4.38,3.85,4.04,4.04,29254100
17/06/2020,3.96,4.04,3.75,3.88,3.88,14090500
18/06/2020,3.85,3.98,3.73,3.96,3.96,13416500
19/06/2020,3.99,4.12,3.77,3.82,3.82,13902100
22/06/2020,3.54,3.65,3.07,3.18,3.18,38157000
23/06/2020,2.66,3.00,2.57,2.79,2.79,42755800
24/06/2020,2.74,3.39,2.74,3.14,3.14,34709200
25/06/2020,3.08,3.14,2.87,3.00,3.00,11821300
26/06/2020,2.10,2.46,1.16,1.38,1.38,163366400
29/06/2020,0.98,1.66,0.95,1.54,1.54,15645600
30/06/2020,1.54,2.48,1.40,2.33,2.33,22034500
01/07/2020,2.47,3.15,1.25,2.61,2.61,17086000
02/07/2020,2.82,2.97,2.38,2.52,2.52,9785200
06/07/2020,2.89,3.06,2.83,2.96,2.96,8237000
07/07/2020,3.05,3.35,2.93,3.31,3.31,10225700
08/07/2020,3.43,4.40,3.36,4.33,4.33,16332100
09/07/2020,4.49,5.00,3.17,4.06,4.06,22582500
10/07/2020,3.99,3.99,3.51,3.72,3.72,9231800
13/07/2020,3.49,3.68,2.70,2.90,2.90,17823000
14/07/2020,3.36,3.48,2.92,3.19,3.19,6177700
15/07/2020,3.25,3.30,2.93,3.18,3.18,4065200
16/07/2020,3.13,3.13,2.93,2.97,2.97,4516900
17/07/2020,2.92,2.95,2.51,2.68,2.68,7714000
20/07/2020,2.67,2.68,2.22,2.50,2.50,7749300
21/07/2020,2.51,2.87,2.51,2.81,2.81,3750100
22/07/2020,2.85,2.85,2.62,2.70,2.70,2102300
23/07/2020,2.80,2.90,2.62,2.66,2.66,1885700
24/07/2020,2.61,2.68,2.49,2.55,2.55,2351100
27/07/2020,2.62,2.62,2.41,2.56,2.56,2636100
28/07/2020,2.49,2.54,2.45,2.47,2.47,1260400
29/07/2020,2.55,2.55,2.35,2.39,2.39,2496400
30/07/2020,2.34,2.37,2.16,2.24,2.24,2501100
31/07/2020,2.09,2.45,2.02,2.40,2.40,4531800
03/08/2020,2.36,2.55,2.30,2.42,2.42,2057700
04/08/2020,2.47,2.50,2.33,2.36,2.36,1375200
05/08/2020,2.32,2.36,2.26,2.29,2.29,1784500
06/08/2020,2.29,2.32,2.20,2.25,2.25,1978300
07/08/2020,2.24,2.25,2.09,2.12,2.12,2764100
10/08/2020,2.15,2.60,2.14,2.41,2.41,4988500
11/08/2020,2.41,2.47,2.29,2.34,2.34,2888300
12/08/2020,2.28,2.30,2.16,2.27,2.27,3896000
13/08/2020,2.26,2.31,2.18,2.19,2.19,1523400
14/08/2020,2.18,2.24,2.17,2.23,2.23,912400
17/08/2020,2.30,2.31,2.23,2.26,2.26,1255900
18/08/2020,2.26,2.30,2.22,2.24,2.24,934800
19/08/2020,2.30,2.30,2.25,2.28,2.28,836000
20/08/2020,2.25,2.28,2.19,2.20,2.20,1906900
21/08/2020,2.20,2.22,2.15,2.17,2.17,1739900
24/08/2020,2.15,2.17,2.10,2.13,2.13,1715300
25/08/2020,2.12,2.16,2.11,2.13,2.13,1378500
26/08/2020,2.13,2.14,2.10,2.11,2.11,1641700
27/08/2020,2.11,2.14,2.10,2.12,2.12,1359100
28/08/2020,2.12,2.54,2.12,2.50,2.50,4075900
31/08/2020,2.61,3.28,2.61,3.11,3.11,7959400
01/09/2020,3.27,3.29,2.60,2.95,2.95,5703400
02/09/2020,2.95,3.16,2.64,2.74,2.74,2930700
03/09/2020,2.62,2.75,2.45,2.51,2.51,2648900
04/09/2020,2.51,2.51,2.28,2.51,2.51,1485400
08/09/2020,2.51,2.57,2.36,2.53,2.53,1467900
09/09/2020,2.54,2.54,2.34,2.43,2.43,987400
10/09/2020,2.41,2.44,2.27,2.29,2.29,1340800
11/09/2020,2.30,2.37,2.29,2.35,2.35,699700
14/09/2020,2.58,2.59,2.35,2.36,2.36,1325600
15/09/2020,2.37,2.40,2.35,2.36,2.36,757600
16/09/2020,2.36,2.66,2.36,2.54,2.54,2091400
17/09/2020,2.53,2.58,2.46,2.50,2.50,798500
18/09/2020,2.47,2.65,2.47,2.59,2.59,1043100
21/09/2020,2.61,2.69,2.48,2.60,2.60,1158500
22/09/2020,2.55,2.99,2.50,2.94,2.94,3981100
23/09/2020,3.00,3.28,2.68,2.77,2.77,7022200
24/09/2020,2.76,3.00,2.66,2.89,2.89,6979700
25/09/2020,2.93,2.99,2.80,2.88,2.88,998000
28/09/2020,2.90,3.00,2.85,2.90,2.90,933500
29/09/2020,2.90,2.97,2.86,2.94,2.94,1069000
30/09/2020,2.96,3.17,2.91,3.07,3.07,2778200
01/10/2020,3.14,3.34,3.10,3.14,3.14,3096400
02/10/2020,3.13,3.41,3.03,3.39,3.39,2624300
05/10/2020,3.50,4.19,3.49,4.09,4.09,10651000
06/10/2020,4.23,4.74,4.20,4.62,4.62,9777300
07/10/2020,4.82,6.09,4.74,5.66,5.66,15067200
08/10/2020,6.00,6.23,4.54,4.82,4.82,20259600
09/10/2020,4.91,4.99,3.91,4.23,4.23,14360800
12/10/2020,4.29,4.39,3.83,4.13,4.13,7125100
13/10/2020,4.15,4.65,3.95,4.60,4.60,6323800
14/10/2020,4.66,5.10,4.62,5.03,5.03,6465100
15/10/2020,4.89,5.00,4.60,4.83,4.83,3789700
16/10/2020,4.96,5.20,4.91,5.01,5.01,3572600
19/10/2020,5.21,5.30,5.03,5.08,5.08,3119800
20/10/2020,5.11,5.18,4.63,4.94,4.94,3191900
21/10/2020,4.98,4.98,4.66,4.72,4.72,2000800
22/10/2020,4.56,4.65,4.13,4.43,4.43,3552700
23/10/2020,4.25,4.86,4.25,4.78,4.78,2431100
26/10/2020,4.70,4.96,4.51,4.66,4.66,2072900
27/10/2020,4.60,4.81,4.55,4.67,4.67,1265700
28/10/2020,4.60,4.66,4.37,4.50,4.50,2298700
29/10/2020,4.51,4.68,4.40,4.50,4.50,1775200
30/10/2020,4.50,4.55,4.34,4.39,4.39,1616400
02/11/2020,4.53,4.68,4.44,4.58,4.58,2017500
03/11/2020,4.64,4.78,4.44,4.58,4.58,2081800
04/11/2020,4.60,5.00,4.50,4.99,4.99,2613500
05/11/2020,5.02,5.30,5.02,5.13,5.13,4074700
06/11/2020,5.19,5.19,4.92,5.05,5.05,2304900
09/11/2020,5.16,5.39,5.06,5.08,5.08,2793800
10/11/2020,5.11,5.15,4.80,5.03,5.03,3098200
11/11/2020,5.05,5.05,4.80,4.90,4.90,1397200
12/11/2020,4.81,4.94,4.71,4.75,4.75,1837700
13/11/2020,4.75,4.75,4.51,4.60,4.60,2625600
16/11/2020,4.54,4.88,4.54,4.86,4.86,2244000
17/11/2020,4.70,4.95,4.57,4.90,4.90,2291100
18/11/2020,4.93,5.05,4.76,4.78,4.78,2118000
19/11/2020,4.70,4.89,4.65,4.77,4.77,1758600
20/11/2020,4.75,4.78,4.62,4.70,4.70,1388300
23/11/2020,4.60,4.70,4.60,4.62,4.62,2627400
24/11/2020,4.71,4.96,4.67,4.70,4.70,2512000
25/11/2020,4.65,4.75,4.63,4.63,4.63,1325500
27/11/2020,4.65,4.85,4.63,4.68,4.68,1853100
30/11/2020,4.61,4.68,4.40,4.55,4.55,2414100
01/12/2020,4.52,4.55,4.20,4.27,4.27,2885300
02/12/2020,4.22,4.25,3.86,4.12,4.12,3809400
03/12/2020,4.15,4.17,3.95,3.99,3.99,3203600
04/12/2020,3.96,4.10,3.95,3.95,3.95,1630300
07/12/2020,3.92,4.00,3.60,3.76,3.76,3964600
08/12/2020,3.67,4.00,3.61,4.00,4.00,2874600
09/12/2020,4.00,4.29,3.97,4.14,4.14,3134600
10/12/2020,4.14,4.18,3.98,4.10,4.10,959100
11/12/2020,4.14,4.14,3.95,4.04,4.04,1122100
14/12/2020,3.96,4.00,3.75,3.80,3.80,1716300
15/12/2020,3.80,3.80,3.60,3.68,3.68,2239900
16/12/2020,3.65,3.85,3.62,3.74,3.74,1087800
17/12/2020,5.29,7.45,4.95,7.35,7.35,29406400
18/12/2020,8.11,11.11,7.40,9.42,9.42,43566800
21/12/2020,9.77,10.50,8.12,8.20,8.20,16532600
22/12/2020,8.44,9.24,8.34,8.63,8.63,6236300
23/12/2020,8.80,8.89,7.83,7.88,7.88,6095200
24/12/2020,8.12,8.13,6.92,7.59,7.59,6003400
28/12/2020,7.42,7.58,7.12,7.21,7.21,3641500
29/12/2020,7.12,8.50,7.11,8.38,8.38,6101800
30/12/2020,8.87,9.00,8.12,8.25,8.25,4253600
31/12/2020,8.23,8.66,8.00,8.50,8.50,2801100
04/01/2021,8.58,8.96,8.51,8.64,8.64,2904000
05/01/2021,8.63,8.83,8.46,8.72,8.72,2300300
06/01/2021,8.69,8.72,8.45,8.54,8.54,3214800
07/01/2021,8.37,8.49,8.10,8.39,8.39,2623500
08/01/2021,8.39,8.53,8.30,8.33,8.33,1720400
11/01/2021,8.22,8.40,8.15,8.20,8.20,1631600
12/01/2021,8.30,8.97,8.30,8.92,8.92,3447500
13/01/2021,8.97,10.10,8.96,10.02,10.02,6800600
14/01/2021,10.44,10.65,10.10,10.20,10.20,4720100
15/01/2021,10.05,10.10,9.00,9.16,9.16,4729700
19/01/2021,9.35,9.85,9.26,9.30,9.30,2625700
20/01/2021,9.90,9.91,9.30,9.50,9.50,1327100
21/01/2021,9.80,9.89,9.49,9.64,9.64,1385400
22/01/2021,9.75,9.84,9.50,9.76,9.76,1441500
25/01/2021,9.83,10.76,9.83,10.34,10.34,5714700
26/01/2021,10.72,12.98,10.50,12.97,12.97,5267200
27/01/2021,12.43,15.09,11.90,13.32,13.32,8687400
28/01/2021,13.62,14.35,11.75,12.68,12.68,5345100
29/01/2021,12.30,12.50,10.20,10.87,10.87,7998900
01/02/2021,11.27,11.60,10.71,10.95,10.95,2758900
02/02/2021,11.03,11.75,11.02,11.21,11.21,2213500
03/02/2021,11.41,12.80,11.40,12.54,12.54,3044400
04/02/2021,12.62,13.30,12.60,12.82,12.82,2025400
05/02/2021,7.01,8.45,5.25,7.05,7.05,62965400
08/02/2021,7.08,8.70,6.47,7.75,7.75,14049200
09/02/2021,8.04,8.55,7.87,8.00,8.00,4076500
10/02/2021,8.05,8.40,7.50,7.69,7.69,4142100
11/02/2021,7.76,7.80,6.45,6.50,6.50,7147500
12/02/2021,6.10,6.15,5.30,5.69,5.69,10615000
16/02/2021,5.76,6.14,5.75,5.94,5.94,3205600
17/02/2021,6.07,7.25,6.00,7.02,7.02,4337800
18/02/2021,7.44,7.72,7.05,7.14,7.14,2586400
19/02/2021,7.40,7.50,6.85,6.98,6.98,1588300
22/02/2021,7.20,7.24,6.85,6.94,6.94,1742400
23/02/2021,7.08,7.08,6.10,6.28,6.28,3216500
24/02/2021,6.31,6.70,6.30,6.57,6.57,2167200
25/02/2021,6.65,6.85,6.16,6.22,6.22,1761800
26/02/2021,6.20,6.53,6.03,6.30,6.30,1512000
01/03/2021,6.50,6.95,6.50,6.69,6.69,1171000
02/03/2021,6.78,6.91,6.59,6.61,6.61,684300
03/03/2021,6.62,6.85,6.38,6.57,6.57,1283500
04/03/2021,6.45,6.55,5.79,6.00,6.00,2177400
05/03/2021,6.20,6.50,5.66,6.13,6.13,2211000
08/03/2021,5.87,6.15,5.86,5.87,5.87,1358200
09/03/2021,5.90,6.20,5.88,6.03,6.03,1408700
10/03/2021,6.10,6.15,5.84,5.96,5.96,1444100
11/03/2021,6.00,6.08,5.86,5.93,5.93,1779900
12/03/2021,5.90,5.98,5.80,5.91,5.91,795200
15/03/2021,5.90,5.91,5.79,5.84,5.84,1487300
16/03/2021,7.72,9.45,7.71,8.72,8.72,13388700
17/03/2021,8.40,8.89,8.06,8.81,8.81,4337800
18/03/2021,8.90,9.30,8.81,9.01,9.01,3090700
19/03/2021,9.37,10.50,9.20,9.99,9.99,4973300
22/03/2021,9.94,11.25,9.90,11.24,11.24,4586900
23/03/2021,11.40,11.62,10.50,11.00,11.00,3271800
24/03/2021,10.90,10.90,9.00,9.21,9.21,4873300
25/03/2021,8.99,9.00,8.11,8.68,8.68,3643100
26/03/2021,8.91,9.25,8.39,8.68,8.68,1631300
29/03/2021,8.50,8.95,8.30,8.75,8.75,976900
30/03/2021,8.75,8.81,8.51,8.79,8.79,649200
31/03/2021,8.81,8.90,8.61,8.70,8.70,667500
01/04/2021,8.86,9.20,8.85,9.08,9.08,1016500
05/04/2021,9.19,9.40,8.83,9.07,9.07,677600
06/04/2021,9.10,9.20,8.61,8.69,8.69,1557400
07/04/2021,8.69,8.70,8.27,8.32,8.32,1038700
08/04/2021,8.35,8.56,8.16,8.28,8.28,692500
09/04/2021,8.25,8.49,8.25,8.32,8.32,570800
12/04/2021,8.41,9.15,8.40,9.04,9.04,2192000
13/04/2021,9.07,10.23,9.07,9.76,9.76,3456500
14/04/2021,9.67,9.76,9.10,9.56,9.56,1669400
15/04/2021,10.60,10.85,8.29,8.81,8.81,6027700
16/04/2021,8.90,9.33,8.80,8.84,8.84,1265700
19/04/2021,8.90,8.90,8.53,8.58,8.58,1044400
20/04/2021,8.59,8.60,8.31,8.37,8.37,1399900
21/04/2021,8.39,8.55,8.30,8.35,8.35,1002000
22/04/2021,8.43,8.50,8.27,8.32,8.32,649600
23/04/2021,8.34,8.35,8.20,8.25,8.25,722200
26/04/2021,8.21,8.24,7.98,8.22,8.22,1314400
27/04/2021,8.16,8.25,8.01,8.19,8.19,825000
28/04/2021,8.08,8.25,8.08,8.18,8.18,610500
29/04/2021,8.18,8.20,7.91,8.00,8.00,796800
30/04/2021,7.95,8.09,7.95,7.97,7.97,455300
03/05/2021,7.96,8.00,7.50,7.56,7.56,1241800
04/05/2021,7.48,7.50,7.01,7.20,7.20,1618200
05/05/2021,7.20,7.67,7.16,7.40,7.40,752900
06/05/2021,7.40,7.40,6.99,7.00,7.00,1114900
07/05/2021,7.00,7.26,7.00,7.14,7.14,391500
10/05/2021,7.16,7.25,6.70,6.89,6.89,1392400
11/05/2021,6.53,6.82,6.51,6.78,6.78,1115600
12/05/2021,6.84,7.00,6.60,6.87,6.87,620500
13/05/2021,6.82,6.93,5.77,6.60,6.60,3114500
14/05/2021,6.65,6.72,6.42,6.70,6.70,747300
17/05/2021,6.75,6.83,6.51,6.70,6.70,517300
18/05/2021,6.67,7.55,6.67,7.40,7.40,1296000
19/05/2021,7.22,7.49,7.02,7.21,7.21,576100
20/05/2021,7.20,7.25,7.01,7.08,7.08,490600
21/05/2021,7.09,7.38,7.09,7.16,7.16,534500
24/05/2021,7.17,7.43,7.13,7.28,7.28,449100
25/05/2021,7.40,7.40,7.22,7.32,7.32,465500
26/05/2021,7.28,7.44,7.21,7.30,7.30,579900
27/05/2021,7.40,7.48,7.30,7.31,7.31,506200
28/05/2021,7.30,7.35,7.26,7.35,7.35,430700
01/06/2021,7.42,7.79,7.42,7.71,7.71,796500
02/06/2021,7.76,8.05,7.71,7.71,7.71,1058200
03/06/2021,7.70,7.71,7.51,7.67,7.67,726900
04/06/2021,7.70,7.92,7.61,7.71,7.71,595200
07/06/2021,7.70,8.20,7.70,8.17,8.17,1202400
08/06/2021,8.11,8.80,8.11,8.75,8.75,1325800
09/06/2021,8.69,9.51,8.66,9.36,9.36,2271900
10/06/2021,9.30,9.75,8.81,8.99,8.99,1655700
11/06/2021,9.05,9.40,8.81,9.20,9.20,704700
14/06/2021,9.21,9.40,8.81,9.02,9.02,1248500
15/06/2021,9.34,9.65,9.20,9.35,9.35,1236900
16/06/2021,9.51,9.64,9.12,9.20,9.20,828700
17/06/2021,9.01,9.29,8.91,9.12,9.12,733800
18/06/2021,9.15,9.29,9.00,9.15,9.15,662600
21/06/2021,9.12,9.13,8.80,8.93,8.93,884000
22/06/2021,8.93,9.00,8.62,8.74,8.74,786400
23/06/2021,8.74,8.88,8.62,8.86,8.86,706900
24/06/2021,8.89,8.89,8.65,8.73,8.73,564000
25/06/2021,8.74,8.88,8.66,8.82,8.82,499200
28/06/2021,9.06,9.22,8.98,9.18,9.18,1288200
29/06/2021,9.17,9.29,9.11,9.24,9.24,1250700
30/06/2021,9.82,12.09,9.82,11.28,11.28,9982000
01/07/2021,11.35,11.62,10.28,11.33,11.33,2837700
02/07/2021,11.41,12.59,11.41,12.48,12.48,6375500
06/07/2021,13.09,14.06,12.92,13.45,13.45,9393000
07/07/2021,14.25,14.30,12.54,12.90,12.90,3768000
08/07/2021,12.09,12.30,11.71,12.08,12.08,2485100
09/07/2021,12.40,13.99,12.33,13.94,13.94,3560900
12/07/2021,14.55,15.43,14.10,15.41,15.41,7653700
13/07/2021,15.41,15.65,14.40,14.91,14.91,4330900
14/07/2021,14.70,14.76,13.77,13.91,13.91,3019600
15/07/2021,13.48,13.85,12.91,13.40,13.40,2225800
16/07/2021,13.35,13.85,12.84,12.88,12.88,1304100
19/07/2021,12.30,13.10,12.03,13.06,13.06,2609100
20/07/2021,13.13,14.77,13.10,14.39,14.39,2246300
21/07/2021,14.50,15.18,14.27,14.84,14.84,1961500
22/07/2021,14.83,15.10,14.20,14.45,14.45,2024000
23/07/2021,13.55,13.70,13.10,13.17,13.17,3795900
26/07/2021,12.22,12.95,11.65,12.38,12.38,6893600
27/07/2021,11.90,12.19,10.38,10.95,10.95,7626200
28/07/2021,11.93,12.50,11.80,11.97,11.97,3830300
29/07/2021,12.55,12.65,12.08,12.65,12.65,1337500
30/07/2021,12.19,12.49,11.90,12.42,12.42,1397800
02/08/2021,12.80,14.39,12.80,14.39,14.39,3263800
03/08/2021,13.75,14.06,13.30,14.01,14.01,1273600
04/08/2021,14.23,14.50,14.06,14.50,14.50,1687600
05/08/2021,15.11,15.50,13.65,14.74,14.74,3216100
06/08/2021,14.67,15.15,14.49,14.80,14.80,1194800
09/08/2021,14.79,15.15,14.50,14.72,14.72,1063200
10/08/2021,14.69,14.70,14.00,14.53,14.53,1409100
11/08/2021,14.20,14.35,13.76,13.78,13.78,3395400
12/08/2021,14.06,15.00,14.00,14.90,14.90,2670300
13/08/2021,14.68,14.91,14.53,14.79,14.79,1577200
16/08/2021,14.67,14.85,14.15,14.50,14.50,1434400
17/08/2021,13.93,14.00,13.30,13.47,13.47,2128800
18/08/2021,13.65,14.07,13.55,14.02,14.02,1123800
19/08/2021,13.85,13.90,13.50,13.60,13.60,1670700
20/08/2021,13.53,13.88,13.52,13.69,13.69,937300
23/08/2021,13.79,13.80,13.30,13.54,13.54,994400
24/08/2021,13.68,14.00,13.64,13.90,13.90,1109100
25/08/2021,13.88,14.08,13.56,13.95,13.95,653100
26/08/2021,13.95,14.09,13.62,13.94,13.94,574200
27/08/2021,13.97,13.99,13.56,13.68,13.68,633800
30/08/2021,13.66,13.69,12.91,13.35,13.35,1210700
31/08/2021,13.20,13.25,12.92,13.15,13.15,1353600
01/09/2021,13.13,13.25,13.02,13.14,13.14,871800
02/09/2021,13.08,14.74,13.01,14.15,14.15,3171000
03/09/2021,14.70,14.86,14.38,14.48,14.48,1265500
07/09/2021,14.91,15.48,14.81,15.44,15.44,5144000
08/09/2021,15.48,16.48,15.45,16.09,16.09,4481600
09/09/2021,16.14,16.20,15.65,16.05,16.05,763500
10/09/2021,16.06,16.67,16.05,16.10,16.10,1737100
13/09/2021,16.15,16.99,16.15,16.83,16.83,1964300
14/09/2021,17.00,17.50,16.91,17.48,17.48,2756600
15/09/2021,17.51,17.79,16.11,16.42,16.42,2316500
16/09/2021,16.42,16.42,15.51,15.60,15.60,1526200
17/09/2021,15.11,16.23,15.10,15.95,15.95,906400
20/09/2021,15.10,15.47,14.11,14.55,14.55,2176800
21/09/2021,16.75,17.35,14.75,15.05,15.05,5021700
22/09/2021,15.40,16.39,15.40,16.15,16.15,1724900
23/09/2021,15.50,16.20,15.45,15.89,15.89,1261600
24/09/2021,16.15,16.15,15.22,15.29,15.29,1114400
27/09/2021,15.79,15.80,14.81,15.16,15.16,1471800
28/09/2021,15.00,15.19,14.35,14.38,14.38,2239900
29/09/2021,14.65,14.92,14.20,14.23,14.23,1226900
30/09/2021,14.48,14.71,13.92,13.99,13.99,1467900
01/10/2021,13.56,14.26,13.50,14.20,14.20,816500
04/10/2021,14.13,14.13,13.02,13.17,13.17,1141600
05/10/2021,13.06,13.45,12.75,12.84,12.84,1622500
06/10/2021,12.80,13.30,12.71,13.02,13.02,672700
07/10/2021,13.60,14.16,13.45,14.09,14.09,1104400
08/10/2021,14.13,14.50,14.00,14.03,14.03,424800
11/10/2021,14.22,14.58,14.03,14.51,14.51,796800
12/10/2021,14.35,14.50,14.06,14.18,14.18,1029700
13/10/2021,14.25,14.46,14.03,14.45,14.45,801200
14/10/2021,14.06,14.68,14.05,14.62,14.62,1112900
15/10/2021,14.60,15.91,14.48,15.32,15.32,1917600
18/10/2021,15.71,16.02,15.71,16.00,16.00,951100
19/10/2021,16.15,16.50,15.60,15.84,15.84,941500
20/10/2021,15.71,16.30,15.60,16.00,16.00,560100
21/10/2021,16.71,16.94,15.64,15.88,15.88,2444400
22/10/2021,15.74,16.04,15.26,15.41,15.41,978200
25/10/2021,15.37,15.50,14.53,15.00,15.00,1260300
26/10/2021,14.92,15.26,14.76,15.00,15.00,847700
27/10/2021,14.98,15.08,14.81,14.81,14.81,603300
28/10/2021,14.77,14.78,14.26,14.45,14.45,878700
29/10/2021,14.34,14.71,13.96,14.02,14.02,889000
01/11/2021,13.95,14.62,13.60,14.28,14.28,987700
02/11/2021,14.29,15.23,14.28,15.00,15.00,1340800
03/11/2021,15.05,15.25,14.85,15.12,15.12,874700
04/11/2021,15.06,15.19,14.55,14.75,14.75,778100
05/11/2021,14.74,14.97,14.53,14.89,14.89,974700
08/11/2021,15.00,15.48,14.85,15.20,15.20,868600
09/11/2021,15.22,15.48,14.86,15.04,15.04,736300
10/11/2021,14.99,15.08,14.55,14.65,14.65,571300
11/11/2021,14.60,15.00,14.60,14.86,14.86,377600
12/11/2021,15.00,15.11,14.68,14.95,14.95,591900
15/11/2021,15.01,15.06,14.70,14.73,14.73,863700
16/11/2021,14.80,14.90,14.50,14.68,14.68,1710900
17/11/2021,14.75,14.75,14.13,14.15,14.15,540900
18/11/2021,14.34,14.34,13.73,13.88,13.88,1686600
19/11/2021,13.90,14.12,13.70,14.04,14.04,492700
22/11/2021,14.44,14.45,13.74,14.02,14.02,1024800
23/11/2021,13.57,13.98,13.41,13.59,13.59,695800
24/11/2021,13.50,13.77,13.22,13.44,13.44,858500
26/11/2021,13.02,13.38,12.51,13.10,13.10,1221800
29/11/2021,13.17,14.85,13.17,14.84,14.84,2032600
30/11/2021,14.60,14.70,13.91,13.94,13.94,788400
01/12/2021,14.26,14.63,13.57,13.58,13.58,617300
02/12/2021,13.60,14.08,13.51,13.64,13.64,1155700
03/12/2021,13.48,13.55,10.93,11.42,11.42,3176400
06/12/2021,10.90,10.98,9.11,10.73,10.73,7072900
07/12/2021,11.11,11.95,11.10,11.65,11.65,1194200
08/12/2021,11.72,13.45,11.45,12.70,12.70,1287800
09/12/2021,13.44,13.54,12.61,12.92,12.92,2020200
10/12/2021,13.12,13.13,12.50,12.90,12.90,717400
13/12/2021,13.00,13.00,11.81,11.88,11.88,1342900
14/12/2021,11.80,11.85,11.08,11.28,11.28,1292300
15/12/2021,11.13,11.26,10.10,10.48,10.48,2684800
16/12/2021,10.77,11.09,10.02,10.21,10.21,1988700
17/12/2021,9.82,10.79,9.81,10.48,10.48,1078700
20/12/2021,9.75,10.39,9.75,10.10,10.10,1161700
21/12/2021,10.31,10.46,10.18,10.26,10.26,741800
22/12/2021,10.31,10.55,10.31,10.36,10.36,379000
23/12/2021,10.34,10.44,10.03,10.31,10.31,514500
27/12/2021,10.19,10.51,10.18,10.27,10.27,782800
28/12/2021,10.20,10.20,9.81,9.85,9.85,889000
29/12/2021,9.80,9.96,9.37,9.40,9.40,1948000
30/12/2021,9.30,10.16,9.13,9.72,9.72,2925900
31/12/2021,9.68,9.71,9.43,9.44,9.44,767600
03/01/2022,9.66,10.39,9.60,9.79,9.79,1532300
04/01/2022,10.02,10.08,9.09,9.21,9.21,2875600
05/01/2022,9.12,9.27,8.80,8.83,8.83,2070800
06/01/2022,8.84,9.48,8.67,9.37,9.37,1679000
07/01/2022,9.39,9.45,8.96,9.09,9.09,1040000
10/01/2022,9.00,9.12,8.40,8.51,8.51,1790200
11/01/2022,8.80,8.88,8.62,8.69,8.69,1746000
12/01/2022,9.00,9.33,8.95,9.14,9.14,1874000
13/01/2022,9.15,9.63,9.15,9.25,9.25,1046500
14/01/2022,9.22,9.55,9.21,9.40,9.40,982700
18/01/2022,9.49,10.54,9.47,9.90,9.90,2074800
19/01/2022,10.25,12.70,9.99,11.50,11.50,4446600
20/01/2022,11.93,11.94,10.55,10.79,10.79,4538900
21/01/2022,10.60,10.69,9.98,10.05,10.05,2173600
24/01/2022,9.97,10.02,8.65,8.87,8.87,5138300
25/01/2022,8.90,9.25,8.64,8.70,8.70,2430700
26/01/2022,9.21,9.66,8.75,8.88,8.88,1849200
27/01/2022,9.29,10.20,8.63,8.70,8.70,4280000
28/01/2022,9.17,9.68,8.71,9.59,9.59,2932600
31/01/2022,9.92,11.20,9.90,11.20,11.20,3019700
01/02/2022,11.05,12.14,10.56,10.89,10.89,2198200
02/02/2022,10.91,11.29,10.46,11.22,11.22,848200
03/02/2022,10.88,11.47,10.47,11.00,11.00,671900
04/02/2022,11.22,11.57,11.04,11.55,11.55,1282700
07/02/2022,11.48,12.25,11.45,11.88,11.88,1601200
08/02/2022,12.12,12.49,11.98,12.35,12.35,2006200
09/02/2022,12.58,13.28,12.56,13.00,13.00,1975400
10/02/2022,12.70,12.99,12.56,12.75,12.75,1273500
11/02/2022,12.81,13.24,11.58,11.65,11.65,1668500
14/02/2022,11.57,12.49,10.96,11.52,11.52,1350200
15/02/2022,12.03,12.48,12.03,12.35,12.35,995700
16/02/2022,12.36,12.39,11.96,12.24,12.24,943900
17/02/2022,12.20,12.55,11.90,12.10,12.10,583500
18/02/2022,12.08,12.38,11.88,12.10,12.10,757100
22/02/2022,11.90,12.38,11.86,12.16,12.16,1154100
23/02/2022,12.60,12.89,12.12,12.33,12.33,1793400
24/02/2022,11.75,13.00,11.52,13.00,13.00,2507400
25/02/2022,13.16,13.28,12.55,12.75,12.75,1011300
28/02/2022,12.66,12.90,12.15,12.20,12.20,1602700
01/03/2022,12.49,12.53,12.31,12.53,12.53,1231000
02/03/2022,12.54,12.86,12.28,12.84,12.84,1325000
03/03/2022,12.97,13.09,12.40,12.50,12.50,810600
04/03/2022,12.51,12.53,12.09,12.22,12.22,1802000
07/03/2022,12.04,12.10,10.35,11.10,11.10,2201900
08/03/2022,10.90,11.00,10.14,10.50,10.50,2460700
09/03/2022,10.89,11.10,10.81,10.85,10.85,1383000
10/03/2022,10.45,10.55,9.06,9.28,9.28,5233600
11/03/2022,9.60,9.65,7.57,7.76,7.76,7084000
14/03/2022,6.97,7.93,5.85,6.24,6.24,10689000
15/03/2022,6.02,7.09,5.16,6.45,6.45,11084400
16/03/2022,8.70,9.47,8.52,9.47,9.47,9722300
17/03/2022,8.99,9.88,8.83,9.00,9.00,3216700
18/03/2022,9.23,10.76,9.10,10.36,10.36,4424200
21/03/2022,10.35,10.49,9.70,10.05,10.05,1651000
22/03/2022,10.35,11.04,9.60,11.00,11.00,2075300
23/03/2022,10.69,11.10,10.30,10.90,10.90,1797700
24/03/2022,11.09,11.29,10.45,10.70,10.70,1961600
25/03/2022,10.14,10.23,9.78,9.88,9.88,1663600
28/03/2022,9.75,10.11,9.46,9.50,9.50,1852800
29/03/2022,9.83,10.15,9.82,9.95,9.95,1618000
30/03/2022,10.00,10.32,9.81,9.96,9.96,1175500
31/03/2022,9.80,9.90,9.15,9.16,9.16,1012300
01/04/2022,9.72,10.26,9.00,9.10,9.10,2318500
04/04/2022,9.41,9.91,9.33,9.40,9.40,1449300
05/04/2022,9.51,9.68,9.35,9.60,9.60,639100
06/04/2022,9.35,9.60,9.20,9.28,9.28,479400
07/04/2022,9.25,9.25,8.86,9.16,9.16,1384300
08/04/2022,9.20,9.42,8.82,8.86,8.86,911800
11/04/2022,9.11,9.65,8.92,9.19,9.19,1079200
12/04/2022,9.36,9.89,9.33,9.51,9.51,1079900
13/04/2022,9.61,9.84,9.40,9.46,9.46,935400
14/04/2022,9.50,9.85,9.49,9.57,9.57,645100
18/04/2022,9.60,9.60,9.23,9.35,9.35,683000
19/04/2022,9.38,9.58,9.21,9.36,9.36,1106900
20/04/2022,9.42,9.57,9.08,9.18,9.18,482400
21/04/2022,9.17,9.30,8.25,8.65,8.65,826400
22/04/2022,8.74,8.80,7.73,8.20,8.20,1326600
25/04/2022,7.66,8.48,7.57,8.32,8.32,2008900
26/04/2022,8.35,8.40,7.92,8.20,8.20,1177700
27/04/2022,8.23,8.74,8.22,8.32,8.32,645000
28/04/2022,8.19,8.50,7.90,8.12,8.12,919800
29/04/2022,8.81,8.88,8.55,8.63,8.63,1600900
02/05/2022,8.58,8.65,7.96,8.45,8.45,407600
03/05/2022,8.46,8.63,8.23,8.36,8.36,251800
04/05/2022,8.34,8.36,8.01,8.36,8.36,781900
05/05/2022,8.20,8.20,7.90,7.91,7.91,666300
06/05/2022,7.80,7.85,7.11,7.19,7.19,1610400
09/05/2022,7.20,7.38,6.52,6.62,6.62,1782100
10/05/2022,6.90,7.12,6.24,6.36,6.36,1779000
11/05/2022,6.65,7.39,6.41,7.02,7.02,2253200
12/05/2022,6.86,7.75,6.65,7.20,7.20,1438900
13/05/2022,7.30,7.85,7.30,7.84,7.84,1064300
16/05/2022,7.90,8.18,7.51,7.68,7.68,978100
17/05/2022,8.17,8.19,7.92,8.16,8.16,1258500
18/05/2022,8.17,8.17,7.77,7.85,7.85,634400
19/05/2022,7.85,8.20,7.84,8.20,8.20,321700
20/05/2022,8.20,8.59,8.02,8.22,8.22,551900
23/05/2022,8.30,8.96,8.26,8.72,8.72,1230700
24/05/2022,9.08,9.20,8.51,8.54,8.54,2750900
25/05/2022,8.90,9.47,8.66,9.08,9.08,1851200
26/05/2022,9.44,9.65,9.20,9.25,9.25,1237700
27/05/2022,9.17,9.47,9.10,9.30,9.30,1503700
31/05/2022,9.95,10.10,9.75,9.99,9.99,2414500
01/06/2022,10.00,10.84,10.00,10.84,10.84,3334800
02/06/2022,10.88,11.85,10.85,11.72,11.72,2205500
03/06/2022,11.69,12.37,11.42,12.19,12.19,2268000
06/06/2022,13.06,13.08,11.42,12.00,12.00,2345400
07/06/2022,12.05,12.19,11.57,11.97,11.97,809200
08/06/2022,12.07,12.86,12.00,12.70,12.70,1700800
09/06/2022,12.45,12.95,12.01,12.05,12.05,2272600
10/06/2022,12.13,12.28,11.55,11.81,11.81,1228000
13/06/2022,11.06,11.36,9.92,10.96,10.96,2662500
14/06/2022,11.18,11.65,11.05,11.55,11.55,1441900
15/06/2022,11.48,12.06,11.23,12.00,12.00,1649200
16/06/2022,11.66,12.30,10.70,11.84,11.84,2377100
17/06/2022,12.00,12.37,11.84,11.94,11.94,887300
21/06/2022,11.98,12.29,11.96,12.02,12.02,1307200
22/06/2022,11.99,12.04,11.75,12.00,12.00,569600
23/06/2022,11.94,12.00,11.42,11.55,11.55,1064200
24/06/2022,11.71,11.98,11.50,11.89,11.89,935100
27/06/2022,13.00,13.15,12.53,12.73,12.73,1710200
28/06/2022,13.00,13.09,12.80,12.94,12.94,955400
29/06/2022,12.84,12.89,12.38,12.39,12.39,571800
30/06/2022,12.27,12.35,11.88,12.30,12.30,754100
01/07/2022,12.05,12.80,12.00,12.66,12.66,882300
05/07/2022,12.30,13.17,12.25,13.12,13.12,2153600
06/07/2022,13.19,13.77,12.82,13.60,13.60,2055100
07/07/2022,13.70,14.75,13.60,14.50,14.50,3834200
08/07/2022,14.70,15.00,14.39,14.86,14.86,4019400
11/07/2022,14.99,14.99,13.83,13.99,13.99,2618200
12/07/2022,13.93,14.32,13.85,14.02,14.02,1449800
13/07/2022,14.00,14.91,13.92,14.66,14.66,1960400
14/07/2022,14.66,14.90,13.52,14.89,14.89,4571800
15/07/2022,14.59,14.64,13.92,14.35,14.35,2178100
18/07/2022,14.30,14.70,14.11,14.40,14.40,1819200
19/07/2022,14.53,14.99,14.17,14.97,14.97,1398100
20/07/2022,14.86,15.05,14.64,14.90,14.90,1069400
21/07/2022,14.96,15.00,14.80,14.89,14.89,695000
22/07/2022,14.93,14.96,14.72,14.79,14.79,553200
25/07/2022,14.79,14.80,14.50,14.78,14.78,557800
26/07/2022,14.67,14.87,14.23,14.63,14.63,1230600
27/07/2022,14.47,14.68,14.39,14.60,14.60,525400
28/07/2022,14.63,14.70,13.59,13.94,13.94,1393400
29/07/2022,13.80,13.80,12.80,12.99,12.99,3647900
01/08/2022,12.73,12.79,11.11,11.94,11.94,3825100
02/08/2022,11.66,12.89,11.40,12.35,12.35,3321100
03/08/2022,13.25,13.48,12.65,13.37,13.37,1402500
04/08/2022,13.75,14.53,13.56,13.78,13.78,2318100
05/08/2022,13.88,14.09,13.84,13.93,13.93,976200
08/08/2022,15.01,15.97,15.00,15.60,15.60,11474500
09/08/2022,15.26,15.37,14.93,15.10,15.10,1715400
10/08/2022,15.50,15.50,14.90,14.96,14.96,909900
11/08/2022,15.20,15.45,14.96,15.14,15.14,1060400
12/08/2022,14.58,14.89,14.28,14.52,14.52,2144500
15/08/2022,14.16,14.34,14.02,14.25,14.25,1450600
16/08/2022,14.30,14.93,14.30,14.79,14.79,1617800
17/08/2022,14.84,14.89,14.43,14.50,14.50,564100
18/08/2022,14.51,14.52,14.40,14.52,14.52,859700
19/08/2022,14.36,14.48,13.89,14.07,14.07,1355300
22/08/2022,13.81,14.24,13.70,13.98,13.98,1258300
23/08/2022,13.96,14.15,13.80,13.86,13.86,712900
24/08/2022,13.50,14.52,13.36,14.50,14.50,4849400
25/08/2022,14.75,15.50,14.68,15.40,15.40,3194900
26/08/2022,16.15,16.55,15.57,16.28,16.28,3277200
29/08/2022,16.79,17.08,16.11,16.38,16.38,2783600
30/08/2022,16.50,16.75,16.10,16.59,16.59,1894200
31/08/2022,16.88,17.48,16.70,17.40,17.40,2690100
01/09/2022,17.25,17.58,16.89,17.23,17.23,3476000
02/09/2022,17.28,17.56,16.99,17.21,17.21,2122000
06/09/2022,17.15,17.62,16.95,17.45,17.45,2292700
07/09/2022,17.36,17.66,17.21,17.57,17.57,1472100
08/09/2022,17.42,17.56,17.26,17.49,17.49,526500
09/09/2022,17.45,17.95,17.45,17.88,17.88,972100
12/09/2022,17.85,18.34,17.80,18.00,18.00,1331400
13/09/2022,17.75,18.25,17.74,17.92,17.92,1501500
14/09/2022,17.92,18.20,17.92,18.01,18.01,987700
15/09/2022,18.00,18.09,17.12,17.30,17.30,1664800
16/09/2022,17.21,17.41,16.25,16.52,16.52,2490500
19/09/2022,16.29,17.59,16.13,17.43,17.43,1583400
20/09/2022,17.35,18.00,17.01,17.71,17.71,863400
21/09/2022,17.48,17.90,16.16,16.30,16.30,1397800
22/09/2022,16.40,17.22,16.01,17.00,17.00,1366800
23/09/2022,16.72,16.87,15.94,16.13,16.13,1778100
26/09/2022,16.41,16.90,16.00,16.01,16.01,1752100
27/09/2022,16.53,16.86,16.26,16.53,16.53,1502500
28/09/2022,16.00,16.95,15.87,16.63,16.63,1439700
29/09/2022,16.56,16.85,15.87,16.41,16.41,1521100
30/09/2022,16.20,16.52,16.02,16.50,16.50,801000
03/10/2022,16.36,16.43,15.95,16.24,16.24,427300
04/10/2022,16.42,16.75,16.40,16.67,16.67,899200
05/10/2022,16.65,16.72,16.45,16.45,16.45,444800
06/10/2022,16.45,16.55,16.10,16.20,16.20,316600
07/10/2022,16.12,16.15,15.00,15.03,15.03,2887800
10/10/2022,14.98,15.63,14.17,14.51,14.51,1839800
11/10/2022,14.25,14.99,13.36,14.60,14.60,3158100
12/10/2022,14.49,15.42,14.20,14.61,14.61,615300
13/10/2022,14.21,15.35,13.92,14.97,14.97,1045600
14/10/2022,15.30,15.48,13.93,14.14,14.14,669800
17/10/2022,14.60,15.78,14.52,15.52,15.52,1442100
18/10/2022,15.73,16.26,15.59,15.70,15.70,1299000
19/10/2022,15.60,15.73,14.80,15.05,15.05,858400
20/10/2022,15.03,15.87,15.03,15.45,15.45,604300
21/10/2022,15.34,15.82,15.28,15.37,15.37,472700
24/10/2022,13.57,13.83,11.80,13.29,13.29,8699900
25/10/2022,13.61,14.35,13.41,13.60,13.60,2255300
26/10/2022,13.42,14.39,13.41,14.17,14.17,2237300
27/10/2022,14.10,15.45,13.73,15.29,15.29,2924000
28/10/2022,15.00,15.33,14.89,15.03,15.03,2108300
31/10/2022,14.94,15.28,14.80,15.09,15.09,1308400
01/11/2022,15.78,16.06,15.00,15.00,15.00,926900
02/11/2022,15.12,15.28,14.96,15.24,15.24,814500
03/11/2022,15.02,16.27,15.01,16.00,16.00,1138000
04/11/2022,16.70,17.99,16.38,17.91,17.91,3563100
07/11/2022,18.00,18.50,17.85,18.26,18.26,1850000
08/11/2022,18.54,18.98,18.34,18.98,18.98,3752500
09/11/2022,18.81,19.17,17.74,17.75,17.75,1300900
10/11/2022,18.76,19.07,18.60,18.91,18.91,1337700
11/11/2022,19.09,19.13,17.21,17.40,17.40,2416200
14/11/2022,17.90,18.48,17.15,17.20,17.20,1465700
15/11/2022,18.23,18.64,17.52,17.78,17.78,2944700
16/11/2022,17.83,17.98,17.26,17.31,17.31,1390800
17/11/2022,17.12,18.68,17.10,18.01,18.01,2123800
18/11/2022,18.52,19.08,18.46,19.08,19.08,1905400
21/11/2022,18.95,19.00,18.48,18.78,18.78,2035800
22/11/2022,18.84,18.85,17.63,17.99,17.99,3668800
23/11/2022,17.94,18.10,17.56,17.95,17.95,1054800
25/11/2022,17.60,17.70,16.15,16.74,16.74,1902500
28/11/2022,17.22,17.80,17.21,17.72,17.72,1519300
29/11/2022,18.30,18.80,18.20,18.77,18.77,2032700
30/11/2022,19.00,19.97,19.00,19.95,19.95,3968100
01/12/2022,19.29,19.99,19.28,19.72,19.72,1529700
02/12/2022,19.72,21.65,19.26,21.50,21.50,4633700
05/12/2022,22.01,22.58,21.12,21.42,21.42,5268400
06/12/2022,21.45,23.10,21.31,22.76,22.76,4114400
07/12/2022,21.93,23.05,21.65,22.98,22.98,1446500
08/12/2022,23.24,24.82,23.21,24.65,24.65,2219900
09/12/2022,24.70,25.05,24.00,24.94,24.94,2297200
12/12/2022,24.77,24.78,21.80,22.23,22.23,2443200
13/12/2022,23.31,23.88,23.25,23.46,23.46,1172800
14/12/2022,23.50,23.89,23.23,23.65,23.65,699400
15/12/2022,23.88,24.46,22.30,22.60,22.60,1610800
16/12/2022,23.05,23.96,22.60,23.44,23.44,972800
19/12/2022,23.45,24.19,22.51,24.19,24.19,1418000
20/12/2022,23.42,24.40,23.40,24.24,24.24,1072400
21/12/2022,24.21,24.37,23.70,23.98,23.98,852700
22/12/2022,23.86,24.40,23.27,23.53,23.53,1062000
23/12/2022,23.55,23.55,22.49,22.49,22.49,996300
27/12/2022,22.55,23.00,22.20,22.33,22.33,1941400
28/12/2022,22.05,22.33,21.20,21.39,21.39,1265600
29/12/2022,21.42,22.52,20.87,21.50,21.50,842500
30/12/2022,20.94,22.50,20.61,22.02,22.02,1872900
03/01/2023,22.24,24.68,22.19,24.66,24.66,2043100
04/01/2023,25.01,25.04,23.14,23.37,23.37,1553100
05/01/2023,22.99,24.68,22.87,23.77,23.77,1581300
06/01/2023,23.58,24.99,23.04,24.82,24.82,1188700
09/01/2023,24.69,25.10,24.20,24.44,24.44,1343300
10/01/2023,24.44,24.64,23.75,23.78,23.78,687900
11/01/2023,23.75,23.83,23.45,23.52,23.52,350300
12/01/2023,23.40,23.69,22.66,23.62,23.62,832300
13/01/2023,23.49,24.44,23.22,24.40,24.40,1653300
17/01/2023,23.80,24.04,23.33,23.69,23.69,1280400
18/01/2023,23.51,24.08,22.81,22.91,22.91,1272800
19/01/2023,23.00,23.69,22.68,23.62,23.62,652300
20/01/2023,23.59,24.50,23.42,23.53,23.53,1580500
23/01/2023,23.70,23.70,22.90,23.05,23.05,842100
24/01/2023,23.00,23.23,22.43,22.96,22.96,1016800
25/01/2023,23.07,23.07,22.10,22.17,22.17,860900
26/01/2023,23.49,23.90,22.90,23.50,23.50,2061400
27/01/2023,23.42,23.60,22.83,23.41,23.41,1556800
30/01/2023,22.71,23.70,22.69,23.59,23.59,2171600
31/01/2023,23.50,24.28,23.23,24.05,24.05,1541500
01/02/2023,24.11,26.99,24.11,26.20,26.20,3152500
02/02/2023,26.10,29.13,26.06,28.84,28.84,3633100
03/02/2023,28.00,29.78,27.80,27.88,27.88,2876600
06/02/2023,27.79,29.49,26.91,29.41,29.41,2221700
07/02/2023,29.44,29.89,28.03,28.25,28.25,3155200
08/02/2023,28.04,29.12,27.27,28.34,28.34,1633100
09/02/2023,28.75,29.16,28.74,28.99,28.99,495100
10/02/2023,28.01,28.70,27.80,27.95,27.95,1089100
13/02/2023,28.33,28.93,28.33,28.63,28.63,615000
14/02/2023,28.47,29.22,28.00,28.37,28.37,647400
15/02/2023,28.50,28.94,28.25,28.40,28.40,723900
16/02/2023,28.40,30.03,28.26,29.91,29.91,2085800
17/02/2023,29.53,30.02,29.25,30.00,30.00,1968100
21/02/2023,29.83,29.88,28.58,28.60,28.60,1937500
22/02/2023,28.67,29.46,28.32,29.22,29.22,1444400
23/02/2023,29.20,31.25,29.05,30.98,30.98,1836900
24/02/2023,30.25,30.27,29.60,29.97,29.97,1178400
27/02/2023,30.00,30.73,29.90,30.43,30.43,684800
28/02/2023,30.55,30.64,29.65,29.70,29.70,1002100
01/03/2023,30.19,30.71,29.81,30.00,30.00,1348600
02/03/2023,30.21,32.30,27.11,32.13,32.13,4026300
03/03/2023,31.55,32.05,30.50,31.12,31.12,2067900
06/03/2023,31.40,31.42,29.84,30.10,30.10,1611800
07/03/2023,29.85,29.85,27.60,28.01,28.01,2504500
08/03/2023,28.39,29.27,27.80,27.85,27.85,1994700
09/03/2023,28.00,28.30,25.10,25.24,25.24,2016700
10/03/2023,26.80,28.12,25.86,26.65,26.65,1924700
13/03/2023,26.65,28.33,25.76,28.02,28.02,1799400
14/03/2023,28.09,29.64,27.68,28.01,28.01,1966100
15/03/2023,27.76,31.43,26.78,27.10,27.10,1697300
16/03/2023,27.02,27.70,26.31,26.65,26.65,1393200
17/03/2023,26.85,27.98,26.75,27.68,27.68,2035300
20/03/2023,27.44,27.60,26.26,26.70,26.70,1608600
21/03/2023,26.83,27.22,25.55,26.71,26.71,2861400
22/03/2023,26.62,26.89,25.88,26.11,26.11,2106000
23/03/2023,26.08,26.49,25.20,25.48,25.48,2962200
24/03/2023,25.25,25.46,23.50,23.73,23.73,5474600
27/03/2023,23.82,24.97,23.52,24.55,24.55,3010900
28/03/2023,24.72,25.34,24.36,24.78,24.78,1002900
29/03/2023,24.60,27.50,24.53,27.36,27.36,2002200
30/03/2023,27.11,28.47,26.51,27.70,27.70,1705800
31/03/2023,27.80,28.26,26.84,27.51,27.51,1163700
03/04/2023,27.55,28.69,27.01,27.82,27.82,2453500
04/04/2023,27.79,27.93,25.81,25.85,25.85,1382500
05/04/2023,26.03,26.36,25.01,25.51,25.51,860500
06/04/2023,25.50,26.86,25.40,26.86,26.86,1200400
10/04/2023,26.68,26.80,26.07,26.54,26.54,567700
11/04/2023,26.48,26.86,25.69,26.32,26.32,870400
12/04/2023,26.41,26.59,25.10,25.19,25.19,1037600
13/04/2023,25.30,25.96,25.00,25.00,25.00,972300
14/04/2023,25.42,25.86,24.88,25.58,25.58,776600
17/04/2023,25.98,26.95,25.25,26.80,26.80,1226800
18/04/2023,26.95,27.20,26.74,27.00,27.00,634000
19/04/2023,27.00,27.34,25.66,25.70,25.70,1109200
20/04/2023,26.05,26.05,24.55,24.80,24.80,877800
21/04/2023,24.89,25.65,24.02,24.41,24.41,1682500
24/04/2023,24.45,24.45,21.77,22.60,22.60,4032500
25/04/2023,23.15,24.79,20.10,23.69,23.69,4096600
26/04/2023,24.30,26.14,24.00,25.82,25.82,3372500
27/04/2023,25.93,26.23,24.75,25.75,25.75,1162500
28/04/2023,25.60,26.56,25.60,26.50,26.50,1488200
01/05/2023,27.89,27.90,24.81,25.24,25.24,1840900
02/05/2023,25.40,25.64,23.25,24.22,24.22,1397600
03/05/2023,24.22,24.22,22.65,23.38,23.38,1935900
04/05/2023,23.77,24.34,23.20,23.30,23.30,1909100
05/05/2023,23.50,24.36,23.39,23.66,23.66,2438100
08/05/2023,23.76,24.34,22.32,22.54,22.54,1402000
09/05/2023,22.61,22.67,20.40,20.41,20.41,3820200
10/05/2023,21.03,22.10,20.77,21.20,21.20,2190200
11/05/2023,21.46,21.65,20.11,20.24,20.24,2781900
12/05/2023,20.51,20.77,20.04,20.21,20.21,2069800
15/05/2023,21.24,22.45,20.76,22.11,22.11,1951400
16/05/2023,21.90,22.48,21.32,22.20,22.20,682300
17/05/2023,22.21,22.48,21.53,21.79,21.79,546400
18/05/2023,21.45,21.90,20.37,20.43,20.43,1424300
19/05/2023,20.61,20.75,19.84,20.05,20.05,1203700
22/05/2023,20.30,20.93,20.20,20.87,20.87,1067600
23/05/2023,20.80,21.86,20.21,21.26,21.26,1047000
24/05/2023,20.58,22.19,20.10,21.75,21.75,1533800
25/05/2023,21.25,21.76,20.73,21.00,21.00,1061200
26/05/2023,21.25,22.05,20.92,22.05,22.05,695600
30/05/2023,21.89,22.65,19.23,19.69,19.69,3771200
31/05/2023,19.00,19.68,17.77,18.03,18.03,6184100
01/06/2023,17.88,19.20,17.86,18.45,18.45,3240800
02/06/2023,19.01,19.75,19.01,19.41,19.41,1090600
05/06/2023,19.48,19.76,19.00,19.42,19.42,1466200
06/06/2023,19.42,21.66,19.20,21.55,21.55,2205600
07/06/2023,21.35,22.50,20.58,21.16,21.16,2558600
08/06/2023,21.24,22.20,20.76,21.74,21.74,1565800
09/06/2023,21.84,22.39,21.25,21.58,21.58,969700
12/06/2023,21.71,22.56,21.10,21.58,21.58,1636700
13/06/2023,21.99,24.30,21.84,23.30,23.30,3272300
14/06/2023,23.22,24.58,22.57,23.99,23.99,3292900
15/06/2023,24.00,24.64,23.08,23.15,23.15,2202800
16/06/2023,23.50,23.80,21.66,22.40,22.40,1669100
20/06/2023,21.88,21.89,20.82,21.43,21.43,1693800
21/06/2023,21.20,22.16,20.79,21.38,21.38,1436500
22/06/2023,21.54,21.54,21.10,21.20,21.20,926700
23/06/2023,21.00,21.65,20.58,21.18,21.18,1141000
26/06/2023,20.89,22.00,20.76,21.03,21.03,1068600
27/06/2023,21.10,21.96,21.01,21.29,21.29,1446600
28/06/2023,21.43,21.53,20.88,21.03,21.03,611600
29/06/2023,21.02,21.86,21.02,21.51,21.51,1555300
30/06/2023,21.77,23.61,21.60,22.49,22.49,1799900
03/07/2023,23.30,24.96,23.27,24.40,24.40,2531800
05/07/2023,24.66,26.90,24.40,25.93,25.93,4859000
06/07/2023,25.75,27.50,25.65,27.11,27.11,4187100
07/07/2023,27.61,28.47,27.20,27.80,27.80,3397800
10/07/2023,27.78,28.70,27.72,28.26,28.26,3228400
11/07/2023,28.16,28.66,26.30,26.84,26.84,3720400
12/07/2023,27.26,28.15,27.11,27.39,27.39,2403200
13/07/2023,27.25,28.07,26.92,27.27,27.27,2390800
14/07/2023,27.57,28.08,26.80,27.45,27.45,1346800
17/07/2023,27.20,27.74,26.83,27.40,27.40,922200
18/07/2023,27.00,27.26,25.40,25.87,25.87,1870900
19/07/2023,26.96,27.00,24.94,25.01,25.01,1787500
20/07/2023,25.10,26.09,25.08,25.35,25.35,820500
21/07/2023,25.59,26.27,25.03,26.15,26.15,1088300
24/07/2023,26.02,27.37,26.01,26.75,26.75,1330100
25/07/2023,27.40,28.18,27.31,28.12,28.12,2664900
26/07/2023,28.17,28.87,26.96,27.08,27.08,1501400
27/07/2023,27.30,28.19,27.21,27.80,27.80,1869800
28/07/2023,27.83,29.05,27.82,29.00,29.00,2283000
31/07/2023,28.81,29.85,28.81,29.30,29.30,2730300
01/08/2023,30.84,33.92,30.40,33.18,33.18,11049700
02/08/2023,32.63,33.16,31.83,32.66,32.66,2301000
03/08/2023,32.88,32.90,31.02,31.75,31.75,3038000
04/08/2023,31.42,31.75,30.62,30.73,30.73,1951400
07/08/2023,30.67,30.68,28.90,29.55,29.55,3145000
08/08/2023,28.99,29.50,28.72,29.00,29.00,2576400
09/08/2023,29.30,29.96,29.00,29.06,29.06,1257800
10/08/2023,29.50,32.45,29.30,31.78,31.78,3252800
11/08/2023,31.19,31.40,29.50,30.65,30.65,2025500
14/08/2023,30.15,30.79,29.71,29.90,29.90,1094700
15/08/2023,29.90,30.25,29.45,29.71,29.71,836200
16/08/2023,29.50,29.69,28.48,29.00,29.00,1165700
17/08/2023,29.05,30.50,29.05,29.60,29.60,1028400
18/08/2023,28.75,28.80,28.09,28.20,28.20,1173100
21/08/2023,28.27,28.80,27.77,28.42,28.42,961200
22/08/2023,28.75,28.92,28.46,28.56,28.56,828900
23/08/2023,28.55,28.70,27.50,27.65,27.65,1646400
24/08/2023,28.08,29.35,27.91,28.80,28.80,1089600
25/08/2023,28.41,28.91,28.04,28.51,28.51,476200
28/08/2023,28.80,29.49,28.66,29.29,29.29,696700
29/08/2023,29.65,30.50,29.45,29.70,29.70,1614400
30/08/2023,29.15,31.99,29.15,31.60,31.60,2651100
31/08/2023,31.15,32.96,31.15,32.65,32.65,1919400
01/09/2023,32.91,33.15,30.83,31.98,31.98,1879500
05/09/2023,34.19,34.28,32.00,33.60,33.60,6516900
06/09/2023,34.50,35.48,34.35,35.13,35.13,4722300
07/09/2023,35.28,36.94,32.60,36.76,36.76,4643600
08/09/2023,36.83,36.83,34.21,34.34,34.34,2559300
11/09/2023,35.07,35.85,34.25,34.63,34.63,1343000
12/09/2023,34.80,34.80,33.10,33.24,33.24,1448600
13/09/2023,33.50,34.66,33.10,33.10,33.10,2202600
14/09/2023,33.98,34.20,33.13,33.28,33.28,1690200
15/09/2023,33.50,33.65,31.91,32.12,32.12,1900500
18/09/2023,32.11,33.48,31.93,33.01,33.01,1932400
19/09/2023,32.90,33.87,32.90,33.00,33.00,2002700
20/09/2023,33.26,33.45,32.25,32.32,32.32,986000
21/09/2023,32.16,33.33,32.15,32.94,32.94,847400
22/09/2023,34.05,35.10,33.50,34.50,34.50,1393900
25/09/2023,34.32,34.50,33.29,33.49,33.49,891500
26/09/2023,33.46,33.59,32.33,32.55,32.55,1217700
27/09/2023,32.92,33.99,32.76,33.87,33.87,1226400
28/09/2023,33.83,35.79,33.80,35.53,35.53,1291400
29/09/2023,35.78,36.50,34.70,35.01,35.01,1489400
02/10/2023,35.06,35.94,35.06,35.69,35.69,742700
03/10/2023,35.16,35.34,34.61,34.68,34.68,763500
04/10/2023,34.66,35.14,34.24,34.69,34.69,432600
05/10/2023,34.28,34.74,34.06,34.20,34.20,485000
06/10/2023,34.20,35.77,34.20,35.46,35.46,875100
09/10/2023,35.15,36.85,35.03,36.84,36.84,1762300
10/10/2023,36.87,37.20,36.41,37.05,37.05,1804400
11/10/2023,37.10,38.88,35.86,37.44,37.44,3001500
12/10/2023,37.58,37.95,35.95,36.36,36.36,1400800
13/10/2023,36.15,36.15,34.75,34.75,34.75,1553200
16/10/2023,34.25,35.35,33.55,35.11,35.11,1354100
17/10/2023,35.09,35.99,34.62,35.90,35.90,1579900
18/10/2023,35.87,36.00,34.50,34.83,34.83,1599900
19/10/2023,34.53,34.95,32.95,33.00,33.00,3267800
20/10/2023,32.91,33.36,32.01,32.01,32.01,2638000
23/10/2023,31.86,33.05,31.12,32.31,32.31,1445800
24/10/2023,33.08,34.78,32.81,34.66,34.66,2354400
25/10/2023,34.42,34.42,33.10,33.34,33.34,1298100
26/10/2023,33.16,34.82,32.88,34.35,34.35,1707300
27/10/2023,34.43,35.28,33.00,33.00,33.00,1955400
30/10/2023,33.15,33.75,31.15,31.30,31.30,4125200
31/10/2023,31.25,32.74,30.87,32.29,32.29,2683600
01/11/2023,30.50,33.00,29.82,32.83,32.83,8740200
02/11/2023,33.03,33.28,30.35,31.15,31.15,4570000
03/11/2023,31.75,33.90,31.32,33.79,33.79,3552700
06/11/2023,33.28,33.70,32.88,33.00,33.00,2249300
07/11/2023,32.70,32.90,31.70,32.05,32.05,1836100
08/11/2023,32.14,32.75,31.90,32.01,32.01,802800
09/11/2023,31.91,32.43,31.50,32.01,32.01,1178100
10/11/2023,32.10,32.56,32.01,32.22,32.22,1164400
13/11/2023,32.30,32.88,32.11,32.51,32.51,890900
14/11/2023,32.55,32.76,31.62,32.07,32.07,949800
15/11/2023,32.48,32.48,31.65,31.90,31.90,1866500
16/11/2023,31.64,31.73,30.12,30.49,30.49,2222600
17/11/2023,30.65,30.76,30.12,30.63,30.63,1515200
20/11/2023,30.90,32.09,30.89,31.99,31.99,1821800
21/11/2023,32.40,32.41,31.35,31.46,31.46,1264100
22/11/2023,31.74,32.67,31.74,32.44,32.44,3260300
24/11/2023,32.21,33.98,32.11,33.94,33.94,2659900
27/11/2023,33.75,34.82,33.66,34.79,34.79,2216400
28/11/2023,34.99,35.27,33.82,33.95,33.95,1629800
29/11/2023,33.80,34.28,33.52,33.66,33.66,2401700
30/11/2023,33.40,33.98,32.92,33.41,33.41,1513300
01/12/2023,33.02,33.32,31.88,32.23,32.23,3139000
04/12/2023,31.63,31.78,30.82,30.95,30.95,1850600
05/12/2023,30.77,31.60,30.36,31.25,31.25,2256700
06/12/2023,31.51,31.60,30.16,30.25,30.25,1743200
07/12/2023,30.18,30.24,27.95,28.80,28.80,6575300
08/12/2023,28.74,29.50,28.15,29.00,29.00,2642100
11/12/2023,28.60,29.36,28.15,29.10,29.10,1864500
12/12/2023,29.41,29.49,26.63,27.39,27.39,3069300
13/12/2023,27.02,27.30,25.75,26.58,26.58,5469000
14/12/2023,27.49,27.96,26.01,26.51,26.51,5370800
15/12/2023,26.89,28.67,26.30,27.75,27.75,3174600
18/12/2023,27.75,28.80,27.75,28.50,28.50,1837600
19/12/2023,28.50,29.13,28.20,28.22,28.22,1538200
20/12/2023,28.02,28.28,27.00,27.05,27.05,1231700
21/12/2023,27.30,27.60,26.60,27.05,27.05,1154700
22/12/2023,26.75,26.85,26.42,26.75,26.75,1100800
26/12/2023,26.75,27.04,26.28,26.30,26.30,1087400
27/12/2023,26.50,26.69,25.63,25.70,25.70,912200
28/12/2023,26.20,27.45,26.10,27.19,27.19,2438000
29/12/2023,27.20,28.38,27.02,27.28,27.28,1669500
02/01/2024,26.75,26.83,26.02,26.25,26.25,2098200
03/01/2024,26.11,26.25,24.65,25.42,25.42,4725100
04/01/2024,25.43,26.46,24.93,26.15,26.15,3175700
05/01/2024,26.15,26.67,25.00,25.20,25.20,2706000
08/01/2024,25.16,25.31,23.68,24.50,24.50,4704000
09/01/2024,24.33,24.34,22.67,23.17,23.17,4995700
10/01/2024,23.67,25.10,23.02,24.75,24.75,3436100
11/01/2024,24.88,25.42,24.56,25.36,25.36,3678600
12/01/2024,25.20,25.98,25.00,25.69,25.69,1313200
16/01/2024,25.65,25.73,23.17,23.69,23.69,3820900
17/01/2024,23.04,23.09,22.00,22.05,22.05,4664300
18/01/2024,23.09,24.20,22.71,23.51,23.51,2487800
19/01/2024,24.00,24.33,23.40,23.55,23.55,2017600
22/01/2024,22.62,23.10,21.68,22.86,22.86,2153600
23/01/2024,23.44,24.38,23.35,23.96,23.96,1869900
24/01/2024,24.44,25.12,23.43,23.51,23.51,3620900
25/01/2024,23.80,24.44,23.21,23.60,23.60,1835900
26/01/2024,23.35,23.96,23.35,23.77,23.77,380300
29/01/2024,23.54,23.84,22.80,23.16,23.16,1440200
30/01/2024,22.60,22.92,21.98,22.01,22.01,2172300
31/01/2024,21.92,21.92,20.63,20.65,20.65,3419600
01/02/2024,20.99,21.35,19.97,20.00,20.00,4269800
02/02/2024,19.99,21.27,19.62,21.14,21.14,2942400
05/02/2024,21.00,22.47,21.00,22.25,22.25,2668900
06/02/2024,23.17,24.55,22.90,24.41,24.41,3036600
07/02/2024,23.45,23.70,22.60,23.24,23.24,3131100
08/02/2024,23.30,23.67,22.08,22.11,22.11,2765600
09/02/2024,22.07,22.97,22.03,22.86,22.86,755400
12/02/2024,22.80,23.55,22.18,22.87,22.87,1527300
13/02/2024,22.69,23.15,22.68,22.89,22.89,584300
14/02/2024,22.93,23.50,22.79,22.97,22.97,943800
15/02/2024,23.00,23.56,23.00,23.08,23.08,1111600
16/02/2024,23.21,24.33,23.03,24.18,24.18,2686500
20/02/2024,23.90,24.21,23.66,23.92,23.92,1745400
21/02/2024,24.00,24.60,23.59,24.28,24.28,2234800
22/02/2024,24.20,24.68,23.90,24.00,24.00,2872300
23/02/2024,22.34,23.96,22.20,23.76,23.76,5436400
26/02/2024,24.59,24.99,23.16,24.20,24.20,3766800
27/02/2024,24.15,24.16,22.96,22.97,22.97,3397400
28/02/2024,23.00,23.50,21.95,22.01,22.01,4252800
29/02/2024,22.40,22.73,21.95,22.03,22.03,2187200
01/03/2024,22.38,26.60,21.43,21.68,21.68,1385900
04/03/2024,21.46,21.64,21.01,21.15,21.15,3028600
05/03/2024,21.06,22.05,20.94,21.67,21.67,1425500
06/03/2024,21.71,22.17,21.34,21.72,21.72,2671900
07/03/2024,21.75,21.80,20.01,20.21,20.21,4577700
08/03/2024,20.23,20.48,19.75,19.92,19.92,4329600
11/03/2024,20.16,20.65,19.35,19.40,19.40,2372000
12/03/2024,20.45,20.88,19.65,20.88,20.88,6063400
13/03/2024,20.98,23.55,20.90,23.29,23.29,3373900
14/03/2024,23.01,23.35,22.42,22.83,22.83,2995800
15/03/2024,22.80,24.18,22.78,23.84,23.84,2467500
18/03/2024,23.67,25.68,23.64,25.49,25.49,3244400
19/03/2024,25.18,25.96,24.33,25.75,25.75,3710900
20/03/2024,25.80,26.18,24.48,25.05,25.05,4877700
21/03/2024,24.77,24.78,23.05,23.33,23.33,2919200
22/03/2024,22.51,24.05,22.43,24.05,24.05,4121900
25/03/2024,24.03,24.75,23.60,24.35,24.35,3239000
26/03/2024,24.12,24.79,24.10,24.56,24.56,3210600
27/03/2024,24.10,24.37,23.66,24.36,24.36,2137200
28/03/2024,24.51,24.74,23.91,24.44,24.44,2562800
01/04/2024,24.42,24.60,23.92,24.10,24.10,2225200
02/04/2024,24.30,24.95,23.90,24.71,24.71,1860100
03/04/2024,24.64,25.14,24.51,25.00,25.00,2670800
04/04/2024,24.77,25.58,24.62,25.28,25.28,2587200
05/04/2024,25.25,25.93,25.03,25.74,25.74,2876700
08/04/2024,25.91,26.15,25.61,26.00,26.00,3086100
09/04/2024,26.00,26.01,24.68,24.70,24.70,1890100
10/04/2024,24.65,24.65,23.42,24.39,24.39,3159500
11/04/2024,24.89,24.98,23.90,24.88,24.88,1600600
12/04/2024,24.40,24.70,23.94,24.00,24.00,1948700
15/04/2024,24.02,24.08,22.99,23.01,23.01,2706200
16/04/2024,23.11,23.60,22.93,23.00,23.00,1935600
17/04/2024,23.38,23.48,22.80,22.90,22.90,1218700
18/04/2024,22.82,23.00,21.61,21.65,21.65,1731700
19/04/2024,21.65,22.11,21.01,21.32,21.32,1484300
22/04/2024,21.45,22.57,21.41,22.07,22.07,1478300
23/04/2024,22.51,22.84,21.99,22.00,22.00,1028400
24/04/2024,22.47,22.50,21.05,21.86,21.86,2244300
25/04/2024,21.55,21.69,20.92,21.05,21.05,1820300
26/04/2024,21.45,22.00,21.30,21.67,21.67,2180600
29/04/2024,21.82,21.89,20.93,20.98,20.98,2570400
30/04/2024,19.84,21.98,19.61,21.00,21.00,12307400
01/05/2024,21.00,21.18,20.20,21.00,21.00,1458600
02/05/2024,21.22,22.87,21.22,22.51,22.51,3383000
03/05/2024,22.50,22.65,21.80,22.00,22.00,2252700
06/05/2024,22.77,22.78,21.45,21.50,21.50,2941100
07/05/2024,21.35,21.46,20.80,20.80,20.80,2916300
08/05/2024,20.20,20.61,20.08,20.15,20.15,2525900
09/05/2024,20.27,20.99,20.00,20.98,20.98,1842600
10/05/2024,20.46,20.95,20.28,20.86,20.86,863000
13/05/2024,21.06,21.06,18.89,19.05,19.05,4175700
14/05/2024,19.95,19.95,19.02,19.42,19.42,4352800
15/05/2024,19.30,19.49,19.05,19.43,19.43,2422900
16/05/2024,19.54,21.99,19.01,21.69,21.69,5078400
17/05/2024,21.85,21.88,20.93,21.38,21.38,1342600
20/05/2024,21.16,21.37,20.15,20.34,20.34,1811400
21/05/2024,19.93,20.12,19.88,20.01,20.01,1825500
22/05/2024,20.20,20.20,19.73,19.82,19.82,1516600
23/05/2024,21.15,21.16,19.48,19.50,19.50,2044500
24/05/2024,19.55,19.69,19.05,19.08,19.08,1405300
28/05/2024,19.42,19.42,18.50,18.57,18.57,1891600
29/05/2024,18.60,18.77,18.23,18.23,18.23,2379900
30/05/2024,18.60,19.50,18.26,18.98,18.98,1725300
31/05/2024,19.48,19.65,19.19,19.30,19.30,1326200
03/06/2024,19.30,19.30,18.52,18.59,18.59,1877200
04/06/2024,18.81,18.98,18.33,18.48,18.48,1094000
05/06/2024,18.65,18.85,18.31,18.37,18.37,1065900
06/06/2024,18.86,18.86,18.30,18.34,18.34,1075200
07/06/2024,18.51,18.51,18.00,18.01,18.01,1637200
10/06/2024,18.10,18.63,18.03,18.05,18.05,1166600
11/06/2024,18.15,19.79,17.82,19.76,19.76,3593400
12/06/2024,19.60,22.50,19.50,22.45,22.45,6791200
13/06/2024,22.15,22.55,21.30,22.04,22.04,5655100
14/06/2024,22.12,22.75,21.30,21.65,21.65,3918200
17/06/2024,21.66,23.28,21.08,23.10,23.10,5627300
18/06/2024,22.76,23.76,22.72,22.86,22.86,2510800
20/06/2024,23.32,23.94,23.10,23.80,23.80,4435400
21/06/2024,23.50,23.70,22.80,22.90,22.90,1113300
24/06/2024,22.80,23.00,21.21,21.29,21.29,2840000
25/06/2024,21.13,21.70,20.63,21.34,21.34,1451000
26/06/2024,21.67,21.74,20.72,21.42,21.42,1257600
27/06/2024,21.07,21.28,20.25,20.70,20.70,1266200
28/06/2024,20.65,21.20,20.01,21.10,21.10,1214300
01/07/2024,21.15,22.12,21.10,21.46,21.46,1757000
02/07/2024,21.45,21.85,21.00,21.18,21.18,1298500
03/07/2024,21.10,21.51,20.85,21.10,21.10,2093800
05/07/2024,21.06,21.06,20.41,20.52,20.52,1055000
08/07/2024,20.40,20.96,19.51,20.01,20.01,2162100
09/07/2024,20.05,20.63,19.52,20.30,20.30,1292900
10/07/2024,20.36,21.12,20.36,20.89,20.89,1435100
11/07/2024,21.12,21.91,20.60,20.80,20.80,2110500
12/07/2024,21.10,21.45,20.77,20.80,20.80,749900
15/07/2024,20.56,20.95,19.92,20.20,20.20,1401700
16/07/2024,20.53,20.78,19.96,19.98,19.98,1755400
17/07/2024,19.75,19.99,19.51,19.53,19.53,960700
18/07/2024,19.71,20.24,19.48,19.48,19.48,685900
19/07/2024,20.16,20.29,19.87,20.07,20.07,1671700
22/07/2024,20.22,21.84,20.06,21.26,21.26,2328400
23/07/2024,21.20,21.90,20.90,21.83,21.83,1535100
24/07/2024,21.31,21.64,21.00,21.37,21.37,1051500
25/07/2024,21.85,21.86,21.02,21.09,21.09,991300
26/07/2024,21.10,21.80,21.05,21.71,21.71,1346600
29/07/2024,21.75,23.08,21.74,22.50,22.50,4455200
30/07/2024,22.43,22.59,20.25,21.00,21.00,5989500
31/07/2024,21.45,21.46,20.74,20.88,20.88,1777800
01/08/2024,21.28,21.40,20.26,20.39,20.39,1982200
02/08/2024,19.81,20.00,19.12,19.34,19.34,1953700
05/08/2024,17.28,19.20,17.28,18.44,18.44,2645500
06/08/2024,18.55,19.58,18.55,19.00,19.00,1645500
07/08/2024,19.55,20.31,19.55,20.06,20.06,2195700
08/08/2024,20.00,21.35,19.63,21.09,21.09,1516700
09/08/2024,20.88,20.99,20.41,20.50,20.50,572400
12/08/2024,20.57,21.40,19.80,20.23,20.23,1099800
13/08/2024,20.23,20.64,19.53,19.72,19.72,914400
14/08/2024,19.80,19.94,19.25,19.61,19.61,425500
15/08/2024,19.70,20.10,19.53,20.00,20.00,578300
16/08/2024,20.53,20.71,19.93,20.58,20.58,1110900
19/08/2024,20.90,22.08,20.90,22.05,22.05,2203900
20/08/2024,21.91,22.48,21.60,21.86,21.86,2850700
21/08/2024,21.64,22.28,21.64,22.22,22.22,1075600
22/08/2024,22.49,22.49,21.05,21.19,21.19,2169500
23/08/2024,21.25,21.58,21.10,21.18,21.18,506100
26/08/2024,21.10,21.10,19.82,20.19,20.19,3835400
27/08/2024,19.60,20.02,19.50,19.75,19.75,1234400
28/08/2024,19.95,20.04,19.12,19.45,19.45,1657900
29/08/2024,19.68,20.26,19.60,20.04,20.04,838400
30/08/2024,20.31,20.47,19.85,19.90,19.90,974900
03/09/2024,20.00,20.30,19.92,20.10,20.10,1074800
04/09/2024,19.90,20.35,19.81,20.20,20.20,1277200
05/09/2024,20.00,20.30,19.90,20.17,20.17,388000
06/09/2024,20.01,20.25,19.64,19.94,19.94,839900
09/09/2024,20.00,20.00,19.68,19.70,19.70,635100
10/09/2024,20.10,20.10,18.99,19.36,19.36,2368900
11/09/2024,19.16,19.30,18.60,18.90,18.90,2364000
12/09/2024,19.02,19.20,18.82,18.90,18.90,794200
13/09/2024,18.86,19.19,18.72,18.79,18.79,861200
16/09/2024,18.70,18.80,18.43,18.66,18.66,1023200
17/09/2024,18.70,19.38,18.70,19.13,19.13,691500
18/09/2024,19.00,19.35,18.81,19.00,19.00,863700
19/09/2024,19.56,19.79,19.31,19.55,19.55,1520100
